Workbook

Sheet Read Me First
B2: State Constitutional Analysis
B4: De jure comparison of South Carolina, Tennessee, Texas, Utah, Minnesota, and Ohio
B6: Version: Draft 1.0 — May 2026
B9: Purpose | C9: This workbook contains a de jure comparative analysis of six state constitutions to inform pilot state selection for constitutional reform research.
B10: Scope and limitations | C10: This is a TEXTUAL analysis (de jure). It scores what the constitution SAYS, not how courts interpret it or how government operates in practice.
B11: Dimensions | C11: Three dimensions are assessed: (1) Fundamental Freedoms (7 indicators), (2) Checks and Balances (8 indicators), (3) Democratic Protections (7 indicators).
B12: Scoring system | C12: Each indicator is scored 0–3 on an ordinal scale. 0=Absent/regressive; 1=Weak/qualified; 2=Present/standard; 3=Strong/explicit.
B13: Score interpretation | C13: Higher scores generally indicate MORE constitutional protection, STRONGER checks, or MORE democratic access. Aggregation is for descriptive purposes only.
B14: Methodological caveat | C14: Scores were validated through three independent analysis rounds and averaged (rounded to integers). This reduces single-run bias.
B15: Sources | C15: Primary: 50constitutions.org (State Democracy Research Initiative). Secondary: Official state constitution sources, Ballotpedia, Brennan Center.
B16: Citation | C16: If used in published work, cite as: [Your Name], State Constitutional Analysis (de jure), May 2026. Analysis assisted by Claude (Anthropic).

Sheet Executive Summary
A2: Executive Summary — Aggregate Scores by Dimension (6 States)
B4: Each cell shows the SUM of indicator scores for that dimension. Higher = more protection/checks/access on that dimension.
B6: Dimension | C6: SC | D6: TN | E6: TX | F6: UT | G6: MN | H6: OH | I6: Max possible
B7: Fundamental Freedoms | C7: ='FF — Comparative'!C26 | D7: ='FF — Comparative'!D26 | E7: ='FF — Comparative'!E26 | F7: ='FF — Comparative'!F26 | G7: ='FF — Comparative'!G26 | H7: ='FF — Comparative'!H26 | I7: 21
B8: Checks and Balances | C8: ='CB — Comparative'!C29 | D8: ='CB — Comparative'!D29 | E8: ='CB — Comparative'!E29 | F8: ='CB — Comparative'!F29 | G8: ='CB — Comparative'!G29 | H8: ='CB — Comparative'!H29 | I8: 24
B9: Democratic Protections | C9: ='DP — Comparative'!C26 | D9: ='DP — Comparative'!D26 | E9: ='DP — Comparative'!E26 | F9: ='DP — Comparative'!F26 | G9: ='DP — Comparative'!G26 | H9: ='DP — Comparative'!H26 | I9: 21
B10: TOTAL (de jure profile) | C10: =SUM(C7:C9) | D10: =SUM(D7:D9) | E10: =SUM(E7:E9) | F10: =SUM(F7:F9) | G10: =SUM(G7:G9) | H10: =SUM(H7:H9) | I10: 66
B13: How to read this dashboard
B14: Aggregate scores are SUMS of indicator scores. For detail on each indicator, see the dimension-specific sheets (FF, CB, DP).

Sheet FF — Comparative
A1: Fundamental Freedoms — De jure comparative analysis (6 states)
A3: ID | B3: Indicator | C3: SC | D3: TN | E3: TX | F3: UT | G3: MN | H3: OH | I3: Question | J3: Scoring guidance
A4: FF01 | B4: Rights placement and structural prominence | C4: 3 | D4: 3 | E4: 3 | F4: 3 | G4: 3 | H4: 3 | I4: Where in the constitution is the Declaration of Rights / Bill of Rights placed, and how comprehensive is it? | J4: 0=Absent or buried; 1=Present but late; 2=Early but sparse; 3=Article I with comprehensive enumeration
B5: Constitutional reference: | C5: Article I (Declaration of Rights) | D5: Article I (36 sec.) | E5: Article 1 (Bill of Rights) | F5: Article I (Declaration of Rights) | G5: Article I (Bill of Rights) | H5: Article I (Bill of Rights)
B6: Notes: | C6: Declaration of Rights at Article I, comprehensive with explicit privacy clause. 24+ sections covering fundamental rights. | D6: Rights enumerated in Article I BEFORE Articles on Legislative, Executive, Judicial. Extensive 36 sections. | E6: Every provision of federal Bill of Rights replicated plus additional protections. 37 sections, explicitly 'excepted out of general powers.' | F6: Declaration of Rights placed first with comprehensive enumeration including inherent rights, due process, privacy analogs. | G6: Bill of Rights is Article I, placed before all government structure articles. Comprehensive enumeration of fundamental rights. | H6: Bill of Rights appears in Article I with comprehensive rights enumeration. Placed before legislative and other structure articles.
A7: FF02 | B7: Equal protection / non-discrimination clause | C7: 3 | D7: 1 | E7: 3 | F7: 2 | G7: 1 | H7: 2 | I7: Does the constitution have an explicit equal protection or non-discrimination provision? | J7: 0=None; 1=General reference; 2=Explicit clause; 3=Clause with enumerated categories
B8: Constitutional reference: | C8: Article I §3 | D8: Article I §8 | E8: Article 1 §3, §3a | F8: Article I §2, §24 | G8: Article I §2 | H8: Article I §2
B9: Notes: | C9: Explicit clause: 'nor shall any person be denied the equal protection of the laws.' Additional enumerated categories in suffrage provisions. | D9: General 'law of the land' due process; no explicit equal protection clause with enumerated categories. | E9: Explicit: 'Equality under the law shall not be denied or abridged because of sex, race, color, creed, or national origin.' | F9: Section 2 provides equal rights; Section 24 'uniform operation of laws.' No enumerated protected categories. | G9: General equality: 'No member of this state shall be disfranchised or deprived of any rights.' No explicit equal protection. | H9: Explicit equal protection provision in Bill of Rights stating all have 'certain inalienable rights' but no enumerated categories.
A10: FF03 | B10: Privacy right (explicit or interpretively derived) | C10: 3 | D10: 1 | E10: 1 | F10: 1 | G10: 1 | H10: 1 | I10: Does the constitution recognize a right to privacy explicitly or interpretively? | J10: 0=No recognition; 1=Implicit via due process/search-seizure; 2=State court derived; 3=Explicit textual right
B11: Constitutional reference: | C11: Article I §10 | D11: Article I §7, §8 | E11: Article 1 §9 | F11: Article I §14 | G11: Article I §10 | H11: Article I §14
B12: Notes: | C12: Explicit privacy right: 'unreasonable invasions of privacy shall not be violated.' Direct textual right to privacy. | D12: Privacy only implicit via search and seizure protection. TN Supreme Court has read some privacy protections. | E12: No explicit privacy right; derived from search/seizure protections only. | F12: No explicit privacy right; derived from search and seizure: 'secure in their persons, houses, papers.' | G12: Implicit privacy through search and seizure protection only. No explicit textual right to privacy. | H12: Privacy only implicit through search and seizure provision. No explicit constitutional right to privacy.
A13: FF04 | B13: Religious freedom and church-state separation | C13: 2 | D13: 1 | E13: 1 | F13: 3 | G13: 3 | H13: 2 | I13: How strong is the religious freedom guarantee and church-state separation? | J13: 0=State religion specified; 1=Freedom + qualifier/restriction; 2=Freedom + weak separation; 3=Strong freedom + separation
B14: Constitutional reference: | C14: Article I §2 | D14: Article I §3 + Article IX §1, §2 | E14: Article 1 §4, §6, §7 | F14: Article I §4 | G14: Article I §16-17 | H14: Article I §7
B15: Notes: | C15: Strong separation: 'no law respecting an establishment of religion or prohibiting the free exercise thereof.' No qualifiers. | D15: Strong freedom clause BUT Article IX disqualifies non-believers from office. Qualifier undermines protection. | E15: Religious freedom guaranteed BUT §4 contains qualifier: 'acknowledge the existence of a Supreme Being.' | F15: Strong religious freedom clause; explicit prohibition on religious tests. Clean separation language. | G15: Strong: 'no preference shall be given by law to any religious establishment' plus prohibition on religious tests. | H15: Religion protected: 'no person shall be compelled to worship.' No explicit separation clause but freedom guaranteed.
A16: FF05 | B16: Religious test for public office (textual analysis) | C16: 1 | D16: 0 | E16: 1 | F16: 3 | G16: 3 | H16: 2 | I16: Does the constitutional text contain any religious test or disqualification for office? | J16: 0=Active exclusion of non-believers in text; 1=Qualifier/belief requirement; 2=Prohibition with historic text; 3=Clean prohibition
B17: Constitutional reference: | C17: Article I §2 | D17: Article IX §2 | E17: Article 1 §4 | F17: Article I §4 | G17: Article I §17 | H17: Article I §7
B18: Notes: | C18: Clean prohibition with no exclusionary text. No religious test or qualifier for holding public office. | D18: 'No person who denies the being of God, or a future state of rewards and punishments, shall hold any office.' | E18: 'No religious test... provided he acknowledge the existence of a Supreme Being.' Belief in God required. | F18: Clean prohibition: 'No religious test shall be required' for any office. No exclusionary language. | G18: Clean prohibition: 'No religious test or amount of property shall be required as a qualification for any office.' | H18: Test prohibited but with historical language. Generally clean prohibition on religious tests.
A19: FF06 | B19: Right to bail and pre-trial release | C19: 2 | D19: 2 | E19: 1 | F19: 1 | G19: 2 | H19: 1 | I19: How robust is the right to bail / pre-trial release vs. documented erosion? | J19: 0=No right or extensive exceptions; 1=Right with documented progressive erosion; 2=Standard right with exceptions; 3=Robust right
B20: Constitutional reference: | C20: Article I §15 | D20: Article I §15 | E20: Article 1 §11-11d | F20: Article I §8-9 | G20: Article I §5, §7 | H20: Article I §9
B21: Notes: | C21: Right to bail with standard exceptions: 'bailable by sufficient sureties, except in capital cases.' Additional dangerous crime provisions. | D21: 'All prisoners shall be bailable by sufficient sureties, unless for capital offences, when the proof is evident.' | E21: Right with documented progressive erosion: Multiple amendments adding denial for repeat felonies, family violence, danger to community. | F21: Textual erosion: Original right limited by amendments adding denial for felonies on probation/parole, danger, flight risk. | G21: Standard right: 'bailable by sufficient sureties' except for capital offenses. No documented progressive erosion. | H21: Right with progressive restrictions: 2022 amendment permits denial for 'substantial risk of serious physical harm.'
A22: FF07 | B22: Constitutional treatment of abortion / reproductive autonomy | C22: 2 | D22: 0 | E22: 2 | F22: 2 | G22: 2 | H22: 3 | I22: Does the constitution explicitly address abortion or reproductive rights? | J22: 0=Explicitly excluded as a right; 1=Silent with restrictive statutory framework; 2=Silent without foreclosure; 3=Explicitly protected
B23: Constitutional reference: | C23: Not provided | D23: Article I §36 (2014) | E23: Not provided | F23: Not provided | G23: Not provided | H23: Article I §22 (2023)
B24: Notes: | C24: Constitution silent on abortion. No explicit protection or exclusion. Not foreclosed by text. | D24: 'Nothing in this Constitution secures or protects a right to abortion.' Explicitly excluded. | E24: Constitution silent on reproductive rights. No explicit provision protecting or excluding. | F24: Silent. No explicit provision on abortion or reproductive rights in constitutional text. | G24: Silent on reproductive rights. No explicit constitutional provision. Not foreclosed by text. | H24: Explicit protection: 'Right to Reproductive Freedom' including contraception, fertility treatment, abortion until viability.
B26: DIMENSION TOTAL | C26: =SUM(C4,C7,C10,C13,C16,C19,C22) | D26: =SUM(D4,D7,D10,D13,D16,D19,D22) | E26: =SUM(E4,E7,E10,E13,E16,E19,E22) | F26: =SUM(F4,F7,F10,F13,F16,F19,F22) | G26: =SUM(G4,G7,G10,G13,G16,G19,G22) | H26: =SUM(H4,H7,H10,H13,H16,H19,H22) | I26: Max possible: 21

Sheet CB — Comparative
A1: Checks and Balances — De jure comparative analysis (6 states)
A3: ID | B3: Indicator | C3: SC | D3: TN | E3: TX | F3: UT | G3: MN | H3: OH | I3: Question | J3: Scoring guidance
A4: CB01 | B4: Plural executive (independently elected officials) | C4: 3 | D4: 1 | E4: 3 | F4: 2 | G4: 2 | H4: 2 | I4: How many statewide executive officials are independently elected vs. appointed? | J4: 0=Single executive (only Gov); 1=2-3 officials elected; 2=4-5 officials elected; 3=6+ independently elected
B5: Constitutional reference: | C5: Article IV, Article VI | D5: Article III, VII | E5: Article 4 | F5: Article VII §1 | G5: Article V §1 | H5: Article III §1
B6: Notes: | C6: 9 independently elected: Governor, Lt Gov, AG, Secretary of State, Comptroller, Treasurer, Superintendent of Education, Adjutant General, Commissioner of Agriculture. | D6: Only Governor popularly elected statewide. Secretary of State, Comptroller, Treasurer appointed by legislature. | E6: 6+ independently elected: Governor, Lt Gov, AG, Comptroller, Land Commissioner, plus several others. | F6: 5 elected: Governor + Lt Gov (joint ticket), AG, State Auditor, State Treasurer independently elected. | G6: 5 officials: Governor, Lt Gov (joint), Secretary of State, Auditor, Attorney General - all elected. | H6: 6 offices: Governor, Lt Gov (joint ticket), Secretary of State, Auditor, Treasurer, Attorney General.
A7: CB02 | B7: Attorney General independence from Governor | C7: 3 | D7: 2 | E7: 3 | F7: 3 | G7: 3 | H7: 3 | I7: How is the state Attorney General selected and how independent from the Governor? | J7: 0=Appointed by Governor; 1=Appointed by legislature; 2=Appointed by judiciary; 3=Independently elected
B8: Constitutional reference: | C8: Article VI §7 | D8: Article VI §5 | E8: Article 4 §22 | F8: Article VII §1, §16 | G8: Article V §1 | H8: Article III §1
B9: Notes: | C9: AG independently elected statewide by voters. | D9: AG appointed by Tennessee Supreme Court for 8-year term - independent from Governor but judiciary-selected. | E9: AG independently elected statewide by voters. | F9: AG independently elected statewide by voters. | G9: AG independently elected by the electors of the state. | H9: AG independently elected by voters of the state.
A10: CB03 | B10: Judicial selection method (high court) | C10: 0 | D10: 2 | E10: 1 | F10: 3 | G10: 2 | H10: 1 | I10: How are state supreme court justices selected? | J10: 0=Legislative appointment (captured by legislature); 1=Partisan elections; 2=Gubernatorial appointment; 3=Merit selection/nominating commission
B11: Constitutional reference: | C11: Article V §3 | D11: Article VI §3 + 2014 Amendment | E11: Article 5 §2 | F11: Article VIII §8 | G11: Article VI §8 | H11: Article IV §6
B12: Notes: | C12: Justices elected by General Assembly (legislative appointment). Legislature controls selection. | D12: Tennessee Plan: nominating commission + gubernatorial appointment + confirmation + retention election. Merit-style. | E12: Partisan elections for supreme court justices. Elected by voters statewide. | F12: Judicial nominating commission + gubernatorial appointment + Senate confirmation + retention elections. | G12: Gubernatorial appointment for vacancies; then elected by voters. Mixed system. | H12: Partisan elections: justices 'elected by the electors of the state at large.'
A13: CB04 | B13: Judicial independence from legislative branch | C13: 0 | D13: 2 | E13: 2 | F13: 2 | G13: 2 | H13: 2 | I13: Does the legislative branch dominate judicial selection/discipline? | J13: 0=Legislature controls selection and discipline; 1=Strong confirmation/removal role; 2=Limited legislative role; 3=Full insulation
B14: Constitutional reference: | C14: Article V §3, §13 | D14: Article VI | E14: Article 5 | F14: Article VIII §8 | G14: Article VI §8 | H14: Article IV §17
B15: Notes: | C15: Legislature controls both selection (joint vote) and can remove judges through impeachment. Strong legislative dominance. | D15: Legislature confirms gubernatorial appointments. Impeachment for removal but otherwise insulated. | E15: Senate confirms some appointments. Impeachment only removal method by legislature. Limited role. | F15: Senate confirmation only. Judicial Conduct Commission handles discipline. Limited legislative role. | G15: Legislature may provide for retirement and discipline by law but no direct selection or discipline role. | H15: Laws may be passed for removal. Legislature's role limited to impeachment and general law.
A16: CB05 | B16: Lieutenant Governor power and accountability | C16: 2 | D16: 0 | E16: 0 | F16: 3 | G16: 3 | H16: 3 | I16: How is the Lt Governor selected and how much cross-branch power does office hold? | J16: 0=Lt Gov is Senate President (fusion of powers); 1=Independently elected with significant powers; 2=Joint ticket, some powers; 3=Joint ticket, succession only
B17: Constitutional reference: | C17: Article IV §8-11 | D17: Article II + Article III | E17: Article 4 §16-17 | F17: Article VII §1, §2 | G17: Article V §§1,5 | H17: Article III §§6,7
B18: Notes: | C18: Lt Gov elected on joint ticket with Governor since 2018. President of Senate but limited cross-branch power. | D18: No separate Lt Gov office; Speaker of Senate becomes Governor upon vacancy. Fusion of legislative/executive. | E18: Lt Gov independently elected; presides over Senate with casting vote. Substantial cross-branch concentration. | F18: Lt Gov elected on joint ticket with Governor. Succession role only. No cross-branch concentration. | G18: Joint ticket with Governor. Succession role. No legislative position or cross-branch concentration. | H18: Joint ticket with Governor since amendment. Duties assigned by Governor. No legislative presidency.
A19: CB06 | B19: Veto override threshold | C19: 2 | D19: 0 | E19: 2 | F19: 2 | G19: 2 | H19: 2 | I19: What legislative threshold is required to override a gubernatorial veto? | J19: 0=Simple majority (weak veto); 1=3/5 majority; 2=2/3 majority; 3=3/4 or higher
B20: Constitutional reference: | C20: Article IV §21 | D20: Article III §18 | E20: Article 4 §14 | F20: Article VII §8 | G20: Article IV §23 | H20: Article II §16
B21: Notes: | C21: 2/3 of members present and voting, not less than 3/5 total membership. Effectively strong 2/3 threshold. | D21: Simple majority override: 'a majority of all the members elected to that House shall agree to pass the Bill.' | E21: 2/3 of each chamber required to override gubernatorial veto. Standard threshold. | F21: 2/3 of members elected to each house required to override. Standard threshold. | G21: 2/3 of each house required to override veto. Standard requirement. | H21: 2/3 of members elected to each house required for override.
A22: CB07 | B22: Constitutional judicial conduct/discipline body | C22: 1 | D22: 1 | E22: 3 | F22: 3 | G22: 1 | H22: 2 | I22: Is there a constitutionally established body for judicial discipline? | J22: 0=No body or only legislative impeachment; 1=Statutory body only; 2=Constitutional mention, details by law; 3=Fully constitutional body
B23: Constitutional reference: | C23: Article V §13 | D23: Statutory (Tenn. Code §17-5-101) | E23: Article 5 §1-a | F23: Article VIII §13 | G23: Article VI §9 | H23: Article II §38
B24: Notes: | C24: Commission on Judicial Conduct exists but constitutional basis limited. Procedures by General Assembly. | D24: Board of Judicial Conduct exists by statute only. No constitutional body - legislative removal by 2/3 vote. | E24: State Commission on Judicial Conduct constitutionally established with comprehensive powers including censure, removal. | F24: Judicial Conduct Commission constitutionally established with powers for reprimand, censure, suspension, removal. | G24: Legislature may provide for removal/discipline by law. No constitutional body - statutory board only. | H24: Constitutional provision for prompt removal of officers including judges. Board exists but limited constitutional basis.
A25: CB08 | B25: Single-subject rule for legislation | C25: 2 | D25: 2 | E25: 2 | F25: 3 | G25: 2 | H25: 2 | I25: Does a single-subject rule apply to legislation and/or constitutional amendments? | J25: 0=No single-subject rule; 1=Applies to amendments only; 2=Applies to legislation only; 3=Applies to both
B26: Constitutional reference: | C26: Article III §17 | D26: Article II §17 | E26: Article III §35 | F26: Article VI §22; Article XXIII | G26: Article IV §17 | H26: Article II §15(D)
B27: Notes: | C27: 'Every Act or resolution having the force of law shall relate to but one subject.' Legislation only. | D27: 'No bill shall become a law which embraces more than one subject, that subject to be expressed in the title.' | E27: 'No bill shall contain more than one subject.' Exception for appropriation bills. Legislation only. | F27: Single subject for bills AND constitutional amendments 'may relate to one subject' with germane provisions. | G27: 'No law shall embrace more than one subject, which shall be expressed in its title.' Legislation only. | H27: 'No bill shall contain more than one subject, which shall be clearly expressed in its title.' Legislation only.
B29: DIMENSION TOTAL | C29: =SUM(C4,C7,C10,C13,C16,C19,C22,C25) | D29: =SUM(D4,D7,D10,D13,D16,D19,D22,D25) | E29: =SUM(E4,E7,E10,E13,E16,E19,E22,E25) | F29: =SUM(F4,F7,F10,F13,F16,F19,F22,F25) | G29: =SUM(G4,G7,G10,G13,G16,G19,G22,G25) | H29: =SUM(H4,H7,H10,H13,H16,H19,H22,H25) | I29: Max possible: 24

Sheet DP — Comparative
A1: Democratic Protections — De jure comparative analysis (6 states)
A3: ID | B3: Indicator | C3: SC | D3: TN | E3: TX | F3: UT | G3: MN | H3: OH | I3: Question | J3: Scoring guidance
A4: DP01 | B4: Citizen initiative for statutes | C4: 0 | D4: 0 | E4: 0 | F4: 3 | G4: 0 | H4: 3 | I4: Can citizens propose statutes through signature-gathering and ballot? | J4: 0=No; 1=Yes, but high signature threshold (>10%); 2=Yes, accessible threshold (5-10%); 3=Yes, low threshold (<5%)
B5: Constitutional reference: | C5: Not provided | D5: Not provided | E5: Not provided | F5: Article VI §1 | G5: Not provided | H5: Article II §1b,1c
B6: Notes: | C6: No statewide initiative process for statutes. All legislation must go through General Assembly. | D6: No statewide initiative process. Constitution provides no mechanism for citizen-initiated statutes. | E6: No statewide initiative process for statutes. | F6: Initiative power reserved to the people. Direct citizen initiative for statutes with accessible threshold. | G6: No citizen initiative process. Constitution does not provide for citizen-initiated statutes. | H6: Comprehensive initiative: 3% of electors for indirect initiative, 6% for direct. Accessible threshold.
A7: DP02 | B7: Citizen initiative for constitutional amendments | C7: 0 | D7: 0 | E7: 0 | F7: 3 | G7: 0 | H7: 3 | I7: Can citizens propose constitutional amendments through initiative? | J7: 0=No; 1=Yes, with high threshold; 2=Yes, moderate threshold; 3=Yes, accessible threshold
B8: Constitutional reference: | C8: Article XVI | D8: Article XI §3 | E8: Article 17 | F8: Article XXIII §1 | G8: Article IX §1 | H8: Article II §1a; Article XVI
B9: Notes: | C9: No citizen initiative for amendments. Only through legislature (2/3 vote) plus popular ratification. | D9: No citizen initiative. Amendments only through two successive legislatures plus popular vote. | E9: No citizen initiative. Amendments only through 2/3 of each house plus majority popular vote. | F9: Initiative for constitutional amendments available. People may propose amendments by petition. | G9: No citizen initiative. Amendments only through majority of legislature plus majority of electors. | H9: Constitutional initiative available: 10% of electors can propose amendments directly to voters.
A10: DP03 | B10: Veto referendum (citizen check on legislation) | C10: 0 | D10: 0 | E10: 0 | F10: 3 | G10: 0 | H10: 3 | I10: Can citizens petition to suspend/repeal laws passed by the legislature? | J10: 0=No; 1=Yes, with high threshold; 2=Yes, accessible threshold; 3=Yes, low threshold
B11: Constitutional reference: | C11: Not provided | D11: Not provided | E11: Not provided | F11: Article VI §1(2) | G11: Not provided | H11: Article II §1c
B12: Notes: | C12: No citizen veto referendum mechanism. No provision for citizens to challenge legislative acts. | D12: No veto referendum. Constitution provides no mechanism for citizen referendum on legislative acts. | E12: No citizen veto referendum at state level. | F12: Referendum power reserved: Citizens can require laws (except 2/3 emergency) be submitted to voters. | G12: No veto referendum mechanism. Constitution does not provide citizen power to challenge enacted legislation. | H12: Referendum power: 6% of electors can petition to submit laws (except emergency) to popular vote.
A13: DP04 | B13: Recall of statewide elected officials | C13: 0 | D13: 1 | E13: 1 | F13: 0 | G13: 3 | H13: 0 | I13: Can voters recall statewide elected officials through petition? | J13: 0=No; 1=Local only; 2=Limited statewide; 3=Full statewide recall
B14: Constitutional reference: | C14: Not provided | D14: Statutory, local only | E14: Local charters | F14: Not provided | G14: Article VIII §6 | H14: Not provided
B15: Notes: | C15: No recall mechanism for statewide elected officials in constitution. | D15: Recall available for local officials only by statute; no statewide mechanism. | E15: No statewide recall; some home-rule cities permit local recall by charter. | F15: No statewide recall mechanism. Removal only through impeachment. | G15: Full recall: 'A recall of an elected state official may be proposed' by petition. Applies to all elected officials. | H15: No recall mechanism in constitution. Term limits exist but no mid-term recall of statewide officials.
A16: DP05 | B16: Constitutional amendment legislative threshold | C16: 2 | D16: 3 | E16: 2 | F16: 2 | G16: 0 | H16: 1 | I16: How strict is the legislative threshold for proposing amendments? | J16: Note: higher rigidity entrenches existing text. 0=Simple majority; 1=3/5 majority; 2=2/3 single session; 3=2/3 + second requirement
B17: Constitutional reference: | C17: Article XVI §1 | D17: Article XI §3 | E17: Article 17 §1 | F17: Article XXIII §1 | G17: Article IX §1 | H17: Article XVI §1
B18: Notes: | C18: 2/3 of each chamber required, single session, then submitted to voters. | D18: Very strict: Majority first session, then 2/3 in next session. Published 6 months before second session election. | E18: 2/3 of each chamber required, single session. | F18: 2/3 of each chamber required, single session. | G18: Simple majority: 'majority of all members elected to each house' can propose amendments. | H18: 3/5 majority: 'three-fifths of the members elected to each house' required.
A19: DP06 | B19: Constitutional amendment popular ratification | C19: 1 | D19: 3 | E19: 1 | F19: 1 | G19: 1 | H19: 1 | I19: What popular threshold is required to ratify amendments? | J19: 0=No popular vote required; 1=Simple majority of votes on amendment; 2=Majority of all voters at election; 3=Majority of votes for Governor
B20: Constitutional reference: | C20: Article XVI §1 | D20: Article XI §3 | E20: Article 17 §1 | F20: Article XXIII §1 | G20: Article IX §1 | H20: Article XVI §1
B21: Notes: | C21: Simple majority of votes cast on the amendment: 'majority of the electors voting thereon.' | D21: Very strict: 'majority of all the citizens of the State voting for Governor.' Top-of-ticket denominator. | E21: Simple majority of votes on amendment: 'majority of the votes cast' on the amendment. | F21: Simple majority of votes cast on amendment: 'majority of those voting.' | G21: Simple majority of those voting on the question: 'majority of all electors voting.' | H21: Simple majority: 'majority of the electors voting thereon.' Standard threshold.
A22: DP07 | B22: Felony disenfranchisement strictness | C22: 1 | D22: 1 | E22: 1 | F22: 1 | G22: 2 | H22: 1 | I22: How restrictively does the state disenfranchise persons with felony convictions? | J22: 0=Lifetime ban for any felony; 1=Until completion of full sentence + restoration; 2=Automatic restoration on release; 3=Voting while incarcerated
B23: Constitutional reference: | C23: Article II §7 | D23: Article I §5; Article IV §2 | E23: Article 6 §1; statutory | F23: Article IV §6 | G23: Article VII §1 | H23: Article V §4
B24: Notes: | C24: 'Persons confined in any penal institution' cannot vote; disqualification 'by reason of conviction of serious crime.' | D24: Upon conviction of 'infamous crime' by jury. Legislature may exclude 'persons convicted of infamous crimes.' | E24: Felons disenfranchised until after serving full sentence including any supervision period. | F24: Convicted felons ineligible 'until the right to vote or hold elective office is restored as provided by statute.' | G24: 'Persons convicted of a felony whose civil rights have not been restored' ineligible. Automatic restoration on completion. | H24: Those imprisoned in penal institution ineligible; laws may prescribe further restrictions.
B26: DIMENSION TOTAL | C26: =SUM(C4,C7,C10,C13,C16,C19,C22) | D26: =SUM(D4,D7,D10,D13,D16,D19,D22) | E26: =SUM(E4,E7,E10,E13,E16,E19,E22) | F26: =SUM(F4,F7,F10,F13,F16,F19,F22) | G26: =SUM(G4,G7,G10,G13,G16,G19,G22) | H26: =SUM(H4,H7,H10,H13,H16,H19,H22) | I26: Max possible: 21

Sheet Tidy Data
A1: Tidy Data — Long format (one row per indicator × state)
A2: This sheet is structured for analytical tools (R, Python, Stata). Import starting at row 4.
A4: indicator_id | B4: dimension | C4: indicator | D4: state_code | E4: state_name | F4: score | G4: constitutional_ref | H4: note | I4: scoring_guidance
A5: FF01 | B5: Fundamental Freedoms | C5: Rights placement and structural prominence | D5: SC | E5: South Carolina | F5: 3 | G5: Article I (Declaration of Rights) | H5: Declaration of Rights at Article I, comprehensive with explicit privacy clause. 24+ sections covering fundamental rights. | I5: 0=Absent or buried; 1=Present but late; 2=Early but sparse; 3=Article I with comprehensive enumeration
A6: FF01 | B6: Fundamental Freedoms | C6: Rights placement and structural prominence | D6: TN | E6: Tennessee | F6: 3 | G6: Article I (36 sec.) | H6: Rights enumerated in Article I BEFORE Articles on Legislative, Executive, Judicial. Extensive 36 sections. | I6: 0=Absent or buried; 1=Present but late; 2=Early but sparse; 3=Article I with comprehensive enumeration
A7: FF01 | B7: Fundamental Freedoms | C7: Rights placement and structural prominence | D7: TX | E7: Texas | F7: 3 | G7: Article 1 (Bill of Rights) | H7: Every provision of federal Bill of Rights replicated plus additional protections. 37 sections, explicitly 'excepted out of general powers.' | I7: 0=Absent or buried; 1=Present but late; 2=Early but sparse; 3=Article I with comprehensive enumeration
A8: FF01 | B8: Fundamental Freedoms | C8: Rights placement and structural prominence | D8: UT | E8: Utah | F8: 3 | G8: Article I (Declaration of Rights) | H8: Declaration of Rights placed first with comprehensive enumeration including inherent rights, due process, privacy analogs. | I8: 0=Absent or buried; 1=Present but late; 2=Early but sparse; 3=Article I with comprehensive enumeration
A9: FF01 | B9: Fundamental Freedoms | C9: Rights placement and structural prominence | D9: MN | E9: Minnesota | F9: 3 | G9: Article I (Bill of Rights) | H9: Bill of Rights is Article I, placed before all government structure articles. Comprehensive enumeration of fundamental rights. | I9: 0=Absent or buried; 1=Present but late; 2=Early but sparse; 3=Article I with comprehensive enumeration
A10: FF01 | B10: Fundamental Freedoms | C10: Rights placement and structural prominence | D10: OH | E10: Ohio | F10: 3 | G10: Article I (Bill of Rights) | H10: Bill of Rights appears in Article I with comprehensive rights enumeration. Placed before legislative and other structure articles. | I10: 0=Absent or buried; 1=Present but late; 2=Early but sparse; 3=Article I with comprehensive enumeration
A11: FF02 | B11: Fundamental Freedoms | C11: Equal protection / non-discrimination clause | D11: SC | E11: South Carolina | F11: 3 | G11: Article I §3 | H11: Explicit clause: 'nor shall any person be denied the equal protection of the laws.' Additional enumerated categories in suffrage provisions. | I11: 0=None; 1=General reference; 2=Explicit clause; 3=Clause with enumerated categories
A12: FF02 | B12: Fundamental Freedoms | C12: Equal protection / non-discrimination clause | D12: TN | E12: Tennessee | F12: 1 | G12: Article I §8 | H12: General 'law of the land' due process; no explicit equal protection clause with enumerated categories. | I12: 0=None; 1=General reference; 2=Explicit clause; 3=Clause with enumerated categories
A13: FF02 | B13: Fundamental Freedoms | C13: Equal protection / non-discrimination clause | D13: TX | E13: Texas | F13: 3 | G13: Article 1 §3, §3a | H13: Explicit: 'Equality under the law shall not be denied or abridged because of sex, race, color, creed, or national origin.' | I13: 0=None; 1=General reference; 2=Explicit clause; 3=Clause with enumerated categories
A14: FF02 | B14: Fundamental Freedoms | C14: Equal protection / non-discrimination clause | D14: UT | E14: Utah | F14: 2 | G14: Article I §2, §24 | H14: Section 2 provides equal rights; Section 24 'uniform operation of laws.' No enumerated protected categories. | I14: 0=None; 1=General reference; 2=Explicit clause; 3=Clause with enumerated categories
A15: FF02 | B15: Fundamental Freedoms | C15: Equal protection / non-discrimination clause | D15: MN | E15: Minnesota | F15: 1 | G15: Article I §2 | H15: General equality: 'No member of this state shall be disfranchised or deprived of any rights.' No explicit equal protection. | I15: 0=None; 1=General reference; 2=Explicit clause; 3=Clause with enumerated categories
A16: FF02 | B16: Fundamental Freedoms | C16: Equal protection / non-discrimination clause | D16: OH | E16: Ohio | F16: 2 | G16: Article I §2 | H16: Explicit equal protection provision in Bill of Rights stating all have 'certain inalienable rights' but no enumerated categories. | I16: 0=None; 1=General reference; 2=Explicit clause; 3=Clause with enumerated categories
... A136: DP07 | B136: Democratic Protections | C136: Felony disenfranchisement strictness | D136: OH | E136: Ohio | F136: 1 | G136: Article V §4 | H136: Those imprisoned in penal institution ineligible; laws may prescribe further restrictions. | I136: 0=Lifetime ban for any felony; 1=Until completion of full sentence + restoration; 2=Automatic restoration on release; 3=Voting while incarcerated

Sheet Sources
B2: Sources and References
B4: # | C4: Source | D4: Publisher / Author | E4: URL
B5: 1 | C5: 50 Constitutions | D5: State Democracy Research Initiative, University of Virginia | E5: https://50constitutions.org/
B6: 2 | C6: South Carolina Constitution | D6: South Carolina Legislature | E6: https://www.scstatehouse.gov/scconstitution/scconst.php
B7: 3 | C7: Tennessee Constitution | D7: Tennessee Secretary of State | E7: https://publications.tnsosfiles.com/pub/2023%20TN%20Constitution.pdf
B8: 4 | C8: Texas Constitution | D8: Texas Legislature Online | E8: https://statutes.capitol.texas.gov/?link=CN
B9: 5 | C9: Utah Constitution | D9: Utah State Legislature | E9: https://le.utah.gov/xcode/constitution.html
B10: 6 | C10: Minnesota Constitution | D10: Minnesota Legislature | E10: https://www.revisor.mn.gov/constitution/
B11: 7 | C11: Ohio Constitution | D11: Ohio Legislature | E11: https://codes.ohio.gov/ohio-constitution
B12: 8 | C12: Ballotpedia state constitution pages | D12: Ballotpedia | E12: https://ballotpedia.org/
B13: 9 | C13: Legislative Appointments for Judges | D13: Brennan Center for Justice (2017) | E13: https://www.brennancenter.org/our-work/research-reports/
B14: 10 | C14: Expanding the Vote: State Felony Disenfranchisement | D14: The Sentencing Project (2023) | E14: https://www.sentencingproject.org/reports/
B15: 11 | C15: Comparative Constitutions Project | D15: Elkins, Z. & Ginsburg, T. (2022) | E15: https://comparativeconstitutionsproject.org/
